{
  "app_init_ms": null,
  "memory_heap": null,
  "render_ms": null,
  "vitals": {
    "cls": 0.0,
    "fcp_ms": 165.3966796875,
    "lcp_ms": 265.3966796875,
    "speed_index_ms": 215.3966796875,
    "tbt_ms": 18.684765625,
    "tti_ms": 365.3966796875
  },
  "wasm_init_ms": 0.000072
}